,post_Title,onion
0,Protests about police brutality are met with wave of police brutality across US,0
1,"Don't eat or inject yourself with disinfectant, warns FDA commissioner",0
2,Louisiana eye doctor offers free eye exams for NFL referees after Saints loss,0
3,"Coronavirus homeschooling: 77 percent of parents agree teachers should be paid more after teaching own kids, study says",0
4,Man rescued from Taliban didn't believe Donald Trump was President,0
5,"Nat Geo hires Jeff Goldblum to walk around, being professionally fascinated by things",0
6,Black security guard who stops shooter is then shot and killed by police,0
7,"Hulu to 'Parasite' haters: 'If you don't want to read subtitles,' learn Korean",0
8,Experts Say George Floyd's Death Once Again Shows Police Officers Should Be Banned From Crushing People’s Necks,0
9,"People no longer believe working hard will lead to a better life, survey shows",0
10,Hunter dies after shot elephant falls on him,0
11,"'If You Say You Can’t Breathe, You’re Breathing’: Mississippi Mayor Defends Officers Involved in George Floyd’s Arrest",0
12,Mike Pence Once Ratted Out His Fraternity Brothers For Having a Keg,0
13,"Reddit CEO tells user, “we are not the thought police,” then suspends that user",0
14,"R.I.P. astronaut John Young, the first man to get yelled at for smuggling a sandwich into space",0
15,Trump dedicates golf trophy to hurricane victims,0
16,GameStop rules itself 'essential retail' and therefore immune to lockdown closures,0
17,"Hipster whines at tech mag for using his pic to imply hipsters look the same, discovers pic was of an entirely different hipster",0
18,President Trump: I would have run into school during shooting ‘even if I didn’t have a weapon’,0
19,"Baby boomers are more sensitive than millennials, according to the largest-ever study on narcissism",0
20,35 Y.O CEO Slams Other Millennials For Entitlement Despite Being Handed CEO Job By His Dad,0
21,Ben Affleck finally achieves lifelong dream of not having to play Batman anymore,0
22,‘Black Mirror’ Creator Says the World Is Too Bleak Right Now for Season 6 to Happen,0
23,Third Russian Doctor Falls From Hospital Window After Coronavirus Complaint,0
24,"Man who ate $120,000 art banana said he would've done it sooner, but wasn't hungry yet",0
25,Stimulus Checks May Be Delayed As Trump Requires U.S. Treasury to Print His Name on Them,0
26,"EA: They’re not loot boxes, they’re “surprise mechanics,” and they’re “quite ethical”",0
27,Blind man fails citizenship test after being denied Braille,0
28,"North Korean Founder Kim Il Sung Did Not Have the Ability to Teleport, State Media Admits",0
29,ICE Director: ICE Can't Be Compared To Nazis Since We're Just Following Orders,0
30,Uber’s search for a female CEO has been narrowed down to 3 men,0
31,"Dogs cannot get ‘autism’, British Veterinary Association warns after ‘anti-vaxx’ movement spread to pets",0
32,Somali Militant Group Al-Shabaab Announces Ban On Single-Use Plastic Bags,0
33,United Nations official visiting Alabama to investigate 'great poverty and inequality',0
34,Man arrested for smoking marijuana while in court for marijuana charge,0
35,"Woman Named Marijuana Pepsi, Who Refused To Change Her Name, Earns Her Ph.D After Completing Dissertation On Black Names",0
36,Florida House declares porn a public health risk shortly after denying assault rifle ban,0
37,Passenger turned away from two flights after wearing 10 layers of clothing to avoid luggage fee,0
38,Congress To Make Members Pay Out Of Pocket For Sexual Harassment Settlements,0
39,25% of Wyoming stay at home workers are drinking during working hours,0
40,A YouTuber got the inflammatory right-wing commentator Katie Hopkins to fly to Prague to pick up a fake award whose initials spelled out the C-word,0
41,Fox News Stars Now Pretend They Never Said What They Said About the Coronavirus,0
42,Sean Spicer says Oprah Winfrey Doesn’t Have the Political Experience to be President,0
43,White House press secretary attacks media for accurately reporting inauguration crowds,0
44,"UPS loses Family’s $846K Inheritance, Offers to Refund $32 Shipping Fee",0
45,School boy takes MICROWAVE to school to carry books after school bans bags,0
46,"A zoo has been trying to get two pandas to mate for 10 years. When coronavirus shut the zoo down, the pandas finally did",0
47,Alabama lawmaker: We shouldn't arm teachers because most are women,0
48,"Marilyn Manson Mourned On Twitter, Confusing Him For Dead Mass Murderer Charles",0
49,"Gay man's pay slashed so he'd be on par with 'other females in the office,' lawsuit claims",0
50,Trump calls Warren 'Pocahontas' at event honoring Native American veterans,0
51,Cat named after Notorious B.I.G. shot multiple times — and survives,0
52,"No, this isn't The Onion, Yes Net Neutrality is under attack and we have less than a month to save it. Fight to save Net Neutrality today!",0
53,Saudi Arabia declares online satire punishable offence,0
54,"Catholic priest says ""pedophilia doesn't kill anyone"" after barring pro-abortion lawmakers from communion",0
55,"Trump Says Energy-Efficient Light Bulbs Make Him 'Look Orange,' Complains About How Expensive They Are",0
56,"Chile Counts Those Who Died of Coronavirus as Recovered Because They're 'No Longer Contagious,' Health Minister Says",0
57,"Portland strip club forced to close, so dancers now do delivery",0
58,American parents say their children are speaking in British accent after watching too much Peppa Pig,0
59,EPA Head Says He Needs to Fly First Class Because People Are Mean to Him in Coach,0
60,Cards Against Humanity buys plot of land on U.S./Mexico border to block border wall,0
61,Five guys arrested after fist fight at Five Guys,0
62,Apology after Japanese train departs 20 seconds early,0
63,Justin Bieber banned from China in order to 'purify' nation,0
64,Alcohol level in air at fraternity party registers on Breathalyzer,0
65,Alberta minister says it’s a ‘great time’ to build a pipeline because COVID-19 restrictions limit protests against them,0
66,"Always look on the bright side of life, says CEO who raised EpiPen price by more than 400%",0
67,Trump calls Dems who didn't clap during State of the Union 'treasonous' and 'un-American',0
68,Coronavirus: Pastor who decried 'hysteria' dies after attending Mardi Gras,0
69,"NPR tweets the Declaration of Independence, and people freak out about a ‘revolution’",0
70,McDonald's worker fired for refusing to serve paramedics: 'We don't serve your kind here',0
71,"Detroit man settles race discrimination lawsuit, then bank won't cash his check",0
72,"Missouri man must watch ‘Bambi’ monthly as part of poaching punishment, judge rules",0
73,"Melania flew to Texas to visit immigrant children wearing a jacket that says 'I really don't care, do u?'",0
74,Man who mowed lawn with tornado behind him says he 'was keeping an eye on it.',0
75,Michael B. Jordan buys teen a new retainer after she bit through it during his shirtless Black Panther scene,0
76,Ferry McFerryface to be name of new Sydney ferry after public vote,0
77,British politician wants death penalty for suicide bombers,0
78,Missouri Republican Who Said ‘Hitler Was Right’ Wins State House Primary,0
79,Texas Students Will Soon Learn Slavery Played a Central Role in the Civil War,0
80,US Republicans endorse arming toddlers on Sacha Baron Cohen show,0
81,"A man harasses a woman for wearing a Puerto Rico shirt, saying it's 'un-American'",0
82,Michael Cohen paid IT firm to tweet that he was sexy,0
83,"CVS rejects Purdue student's Puerto Rican ID, asks for immigration papers to buy cold medicine",0
84,A mayor ordered police to crack down on social gatherings. They found his wife at a bar,0
85,"""It's Not Like We Have a Massive Recession or Worse,"" Says Trump After 10 Million Lost Their Jobs in Two Weeks",0
86,The number of Delta Air Lines passengers who bought tickets with NRA discount: 13,0
87,Alt-Right White Supremacists Claim Papa John's as Official Pizza,0
88,White supremacists taking DNA tests sad to discover they’re not 100% white,0
89,Abortion Clinic Protestors Cited for Violating Order Prohibiting Large Gatherings,0
90,Crowd torches man's car after he pointed bow and arrow at Utah protesters,0
91,"Army veteran has prosthetic legs repossessed after VA refuses to pay for them: ""Medicare did not send me to Vietnam""",0
92,"After eating Chipotle for 500 days, an Ohio man says he's ready for something new",0
93,Weatherman Jamie Simpson Tells Viewers to Stop Complaining About Tornado Warnings Interrupting 'The Bachelorette': 'This Is Pathetic',0
94,"Yes, New York liquor stores are deemed essential businesses",0
95,Supreme Court rules Georgia can’t put the law behind a paywall,0
96,School turns students' lunch debt over to collection agency,0
97,‘El Chapo’ promises not to kill any jurors from upcoming federal trial,0
98,Poll: Kim Jong Un has higher approval among Republicans than Pelosi,0
99,"After 4th DWI, man argues legal limit discriminates against alcoholics",0
100,"Since Jay-Z put out an album called 4:44, Jersey prog band 4:44 put out an album called Jay-Z",0
101,Palestinian judge bans divorce during Ramadan because ‘people make hasty decisions when they’re hungry’,0
102,‘We want you back’ - Boris Johnson urges EU workers to return to UK to help the economy,0
103,"Cops take seized SUV for joyride; owner tracks car, locks them inside for 3 hrs",0
104,Queen cancels Prince Andrew's 60th birthday party,0
105,Argentinian officers fired after claiming mice ate half a ton of missing marijuana,0
106,Detective Pikachu cinematographer happy his CGI monstrosities less obviously awful than Sonic's,0
107,"Harambe: Stop making memes of our dead gorilla, Cincinnati Zoo pleads",0
108,"Jeff Sessions: Marijuana Is ""Only Slightly Less Awful"" Than Heroin",0
109,DC bars to open early for Comey hearing watch parties,0
110,Maryland governor says coronavirus tests acquired from South Korea under guard at undisclosed location to protect the tests from seizure by the federal government,0
111,Florida Mayor Arrested Just Weeks After Taking Over for Florida Mayor Who was Arrested,0
112,Man killed by blade-wielding rooster during illegal cockfight,0
113,Former Barney the Dinosaur actor now works as a controversial tantric sex guru,0
114,Massive cow named Knickers has been deemed too large to eat,0
115,Trump gets a folder full of positive news about himself twice a day,0
116,“An almond doesn’t lactate:” FDA to crack down on use of the word “milk”,0
117,NYPD Union Sues To Stop Release Of All Bodycam Footage Because It Violates Officers’ Civil Rights,0
118,EU warns Turkey after it violates Greek airspace 141 times in one day,0
119,Group of teen girls tries to set trap for alleged pedophile; one ends up kidnapped,0
120,Tiananmen Square Massacre: China Says U.S. Is Violating International Law By Honoring 30th Anniversary,0
121,"Texas prisons deny dentures to inmates with no teeth, claim chewing 'isn't a medical necessity'",0
122,The man who stole a plane said he didn't need much help: 'I've played some video games',0
123,Report: Man caught camping on Disney’s Discovery Island says it was ‘tropical paradise',0
124,"University professor compares 'OK, boomer' to 'n-word,' students say",0
125,Joe Biden claims to have worked on 2016 Paris climate deal with Chinese leader who died in 1997,0
126,"White House blocks CNN, BBC, New York Times, LA Times from media briefing",0
127,'Nobody kill anybody': Murder-free weekend urged in Baltimore,0
128,Tobacco company Philip Morris starts life insurance firm that offers discounts to smokers who quit,0
129,Michigan is considering move to ban guns inside state Capitol Building,0
130,Stephen King Is Sorry You Feel Like You're Stuck In A Stephen King Novel,0
131,Teacher Of The Year In Oklahoma Moves To Texas For The Money,0
132,Macaulay Culkin to legally change his middle name to Macaulay Culkin,0
133,Navy pilots request to be armed because they don't trust overweight police at military bases,0
134,Pakistani girl who died in Texas shooting ‘wanted to experience American culture’,0
135,"Family forced to sit on plane floor after airline allocated them seats which didn't exist, it emerges",0
136,Michelin Star Restaurant Owner Invited Clemson Tigers To Experience 'What An Actual Celebration Dinner Should Be',0
137,"After 140 mph chase, man tells police he didn’t think their cruisers could catch his 2002 Acura",0
138,'I don’t understand how you can be a pedophile and keep your job’: 12-year old asks NHC School Board,0
139,Suspected murderer who evaded capture for 12 years by pretending to be mute loses voice from underuse,0
140,Bill Cosby Gets Vanilla Pudding in Jail for First Meal Behind Bars,0
141,Thousands unfollow Sen. John McCain after he asks for more Twitter followers,0
142,Iceland's president admits he went 'too far' with threat to ban pineapple pizza,0
143,"Texas judge interrupts jury, says God told him defendant is not guilty",0
144,Detroit's largest demolition contractor demolishes the wrong home — again,0
145,Speeding Arizona Congressman Claims 'Immunity' When Pulled Over; Brags to Cop He Goes Even Faster,0
146,The creators of the Nintendo 64 GoldenEye have officially ruled: Oddjob is cheating,0
147,Fox News isn’t worried about millions losing insurance since “we’re all going to die”,0
148,Bush says Trump ‘makes me look pretty good’ by comparison: report,0
149,NRA Says New Florida Law Would Take Away Rifles From '10-Year-Old Little Girls' on Their Birthdays,0
150,"TX Woman Dies Of COVID After Posting Facebook Rant: “You Don’t Need Sanitizer, You Need Faith And Guns”",0
151,"Merriam-Webster adds ""sheeple"" to dictionary, cites Apple users as an example",0
152,Americans are driving less because of the coronavirus. That's hurting red-light camera revenue.,0
153,'We want sauce': police called after McDonald's Rick and Morty promotion heats up,0
154,R. Kelly's lawyer is complaining that the singer can visit with only one of his girlfriends at a time,0
155,‘They can't stop all of us': More than 250K pledge to storm Area 51 to uncover alien secrets,0
156,Man Found Dead In Wife’s Freezer After A Decade Left Note Saying She Didn’t Kill Him,0
157,France Is Running Out of Butter for Its Croissants,0
158,Metalheads with kazoos drown out Westboro Baptist Church at Virginia Capitol.,0
159,Utah teacher fired after showing students classical paintings which contained nudity,0
160,First Lady Melania Trump Says She Is 'the Most Bullied Person in the World',0
161,Mexicans wonder if Trump's wall could stop coronavirus spreading south,0
162,American man was arrested for scamming Nigerians of over N150 million,0
163,Police: Naked Man Arrested At Planet Fitness Cites ‘Judgment Free Zone’,0
164,Ohio State fan in coma asked if he likes Michigan responds 'No',0
165,Armed black citizens escort Michigan lawmaker to capitol after volatile rightwing protest,0
166,Saudi Arabia accidentally prints textbook showing Yoda sitting next to the king,0
167,"“Japan’s slowest roller coaster” derails, passengers don’t notice",0
168,"'Even Hitler didn't sink to using chemical weapons', says Spicer of Syria attack",0
169,"Texas woman arrested for marijuana takes mugshot, gets requests for makeup tips",0
170,Avocado crime soars as Mexican gangs turn focus from opium to ‘green gold’,0
171,Drunk tourist accidentally climbs mountain while trying to get back to his hotel,0
172,Medical Fetish Site Donates Entire Stock of Scrubs After Being Contacted by 'Desperate' Health Officials,0
173,Instagram Influencer With 2.6m Followers Struggles To Sell 36 T-Shirts,0
174,Moray rapist who tried to cheat justice by claiming he was too fat to appear in court died of heart disease,0
175,‘Drunk’ tourist thought to be the first person to survive swim across Hoover Dam,0
176,Judge orders Alabama not to destroy voting records in Tuesday's Senate election,0
177,"In final-hour order, court rules that Alabama can destroy digital voting records after all",0
178,"YouTube will soon tell you that the world isn't flat, vaccines work, and other obvious truths",0
179,"Please Don't Roast Marshmallows Over the Erupting Hawaii Volcano, USGS Warns",0
180,"Families earning $117,000 now qualify as ""low income"" in California's Bay Area",0
181,Minecraft hosts uncensored library full of banned journalism,0
182,Fox Business Host Calls Former President George W. Bush a 'Radical' Liberal,0
183,Trump claims army 'took over airports' in 1775,0
184,Kellyanne Conway suggests Barack Obama was spying on Donald Trump through a microwave,0
185,Thousands sign petition asking for fines against people who call 911 to complain about Amber Alerts,0
186,Sex outside of marriage may soon be legal in Utah,0
187,Jill Stein raised more money for her recount effort than she did during the election,0
188,TSA agents are apparently still confused as to whether the District of Columbia is in the U.S.,0
189,Christian family who argued taxes 'against God's will' ordered to pay $2.3m bill,0
190,US cop fired over deadly shooting 'rehired to get pension',0
191,U.S. warns of feral hogs approaching country from Canada,0
192,FBI director James Comey admits under oath that he hates the Patriots,0
193,"Robber returns money to Philly store, says it’s not enough for his kid’s transplant",0
194,Virginia GOP delegate tries to kill own bill to remove Democratic segregationist statue after Democrats support the bill,0
195,"Florida is the worst state in the nation in every way, new rankings say",0
196,'Mary Was a Teenager.' Alabama Republican Uses Jesus to Defend Roy Moore,0
197,Male cat needs glucose drip after mating with five females in one night in pet hotel,0
198,Hurricane victims call sex hotline after FEMA mistakenly tweets wrong number,0
199,The world's oldest living land creature is a gay tortoise named Jonathan,0
200,"Over 500 Canadian doctors protest raises, say they're being paid too much",0
201,‘Dr. Marijuana’ suspended for indiscriminately referring thousands of patients for medical weed,0
202,Woman gets lifetime bus pass for 103rd birthday,0
203,Family says supermarket wouldn't write Summa Cum Laude on a cake due to profanity,0
204,Women's cycling race forced to pause after lead rider catches men's race,0
205,"US lost track of 1,500 immigrant children, but says it's not 'legally responsible'",0
206,Texas lawmakers consider the death penalty for abortion,0
207,"Amish man launches ""Uber"" ride service with his horse and buggy",0
208,Candidate for Charlotte mayor puts 'white' among qualifications,0
209,Florida Drug-sniffing K-9 Called Jake Overdoses While Screening Passengers Boarding EDM Party Cruise Ship,0
210,Man finds car 20 years after forgetting where he parked it,0
211,"Keeping Up With The Kardashians may make viewers cold-hearted towards poor, study suggests",0
212,Quebec denies French citizen's immigration application because chapter of thesis was in English,0
213,2 kids dressed as 'tall man' unable to gain admission to 'Black Panther',0
214,Facebook is suggesting mobile users 'Protect' themselves...by downloading a Facebook-owned app that tracks their mobile usage,0
215,Sheriff who pocketed $750K from inmate food fund bought beach house for $740K,0
216,"'I was annoyed': Woman, 95, shoos black bear out of kitchen twice in one day",0
217,Ad stating alcohol is a drug blocked as ‘too political’,0
218,"Juncker used ‘brightly coloured, simple flashcards’ to explain trade to Trump during meeting",0
219,"Sign language interpreter used gibberish, warned of bears, monsters during Hurricane Irma update",0
220,"Woman tells TripAdvisor she was raped by guide, TripAdvisor tells her to leave bad review",0
221,Cop Does Not Shoot Unarmed Man,0
222,Man Creates Tinder-Like Dating App Where He’s the Only Guy Available,0
223,Ambien-maker to Roseanne: Racism is not a side effect of our drug,0
224,Alabama Won’t Air “Arthur” Cartoon With Gay Wedding,0
225,"Senate adopts resolution declaring ""the press is not the enemy of the people""",0
226,Man launches GoFundMe page to ‘protect Betty White from 2016’,0
227,Elderly Americans Are Dying Without Getting To Read Mueller's Report - And They're Not Happy About It,0
228,"Ex-Chipotle manager, accused of stealing $626, gets $8 million for wrongful termination",0
229,"Tom Holland’s Drunk, Crying Phone Call With Disney CEO Saved Spider-Man From MCU Exit",0
230,Seagulls keep couple hostage in their own home for six days by attacking them every time they leave house,0
231,Man checks in a can of beer as only luggage on Perth bound flight,0
232,"Cruise Ship Refunds Passengers After 1,300 Men Took Over and Turned It Into a Giant Burlesque Show",0
233,Donald Trump says he doesn't need daily intelligence briefings as President because he's 'smart',0
234,April Fools' is Cancelled Because We Can't Distance Fact From Fiction,0
235,World’s No 1 bridge player suspended after failing a drugs test,0
236,Harvey Weinstein's lawyer says she's never been sexually assaulted 'because I would never put myself in that position',0
237,Flight Attendant Orgy Denied By Airline Despite Being Caught On Camera,0
238,Six Flags cancels massive snowball fight due to ... real snow,0
239,Fire breaks out at Chinese factory that makes Samsung Note 7 batteries,0
240,President Donald J. Trump Proclaims April 2017 as National Sexual Assault Awareness and Prevention Month,0
241,"Pastor was ‘counseling’ the young, naked man tied up in his car, he says",0
242,Remorseful husband who robbed bank to escape wife sentenced to home confinement,0
243,Zach Braff Discovered He’s Being Used To Advertise Erection Pills In Ukraine,0
244,A pug has been hired by 343 industries to make alien sounds for Halo Infinite,0
245,Adult Film Star Ron Jeremy Fighting to Save Tree Outside His Childhood Home in Queens,0
246,"Yoga Does Not Make Inmates Gay, Says Russian Prison Chief As Classes Are Reinstated",0
247,House hearing on gun legislation canceled after shooting,0
248,"Google Says It Will Stop Android Phones From Suggesting ""My Face"" When Users Type ""Sit On""",0
249,"Conservative pastor says Jesus would have ""beat the crap"" out of John Bolton",0
250,Police: Connecticut Man Tests His New Guns By Firing Into Park Full Of Kids Playing Softball,0
251,Labrador: ‘Nobody dies because they don’t have access to health care’,0
252,"Dennis Prager Thinks It's 'idiotic That You Cannot Say The N-word,' Blames The 'disgusting' Left",0
253,"Trump says he may pardon Muhammad Ali, who does not need a pardon",0
254,Billionaire Howard Schultz is very upset you’re calling him a billionaire,0
255,"Air Canada flight turns back halfway to Hawaii, passengers get $10 vouchers",0
256,"The Pentagon promises to use artificial intelligence for good, not evil",0
257,Couple Couldn't Conceive Because They'd Been Having Sex the Wrong Way for Four Years,0
258,Biden said you have to 'keep punching' to address domestic violence,0
259,"Donald Trump 'feels great' about criticism of spending millions on Mar-a-Lago trips, says Sean Spicer",0
260,Dr. Fauci sexiest man alive gaining steam,0
261,Video game company urges players to avoid Plague Inc. game for information on coronavirus,0
262,"Losers are more likely to believe in conspiracy theories, study finds",0
263,The Room's Tommy Wiseau Wants to Make a Star Wars Movie,0
264,Texas couple considering divorce to help pay for daughter's health care costs,0
265,Japanese couple apologise for ignoring work pregnancy timetable by conceiving ‘before their turn’,0
266,People keep uploading Hamilton to PornHub,0
267,Man drives away from court minutes after judge prohibits him from driving,0
268,"Red Bull and vodka is scientifically proven to start fights, study says",0
269,"Student Hacked Into Downingtown Area School District System To Gain Competitive Advantage In Water Gun Fight, Officials Say",0
270,CEO Of Wall Street Bank That Took $25 Billion Bailout Warns Of Socialism For Everyone Else,0
271,Fox News's 'Swedish defence advisor' unknown to country's military officials,0
272,Burger King to give Bronx residents free Whoppers for dealing with 'Joker Stairs' tourists,0
273,Store closes after Nike boycott: 'More Colin Kaepernick fans than I realized',0
274,Putin points at journalists and asks Trump 'Are these the ones hurting you?' during press conference,0
275,Surgeon admits to branding initials on patients' livers,0
276,Roseanne Barr says Fergie's national anthem performance was worse than her 1990 rendition,0
277,2020 Tokyo Olympics: Athletes Assured Cardboard Beds Won't Collapse During Sex,0
278,Texas lt. governor on reopening state: 'There are more important things than living',0
279,Library asks people to stop paying fines with Chuck E. Cheese tokens,0
280,Cop uses mating call on his phone to lure back zoo's escaped peacock,0
281,"Pablo's Escoburgers restaurant draws backlash for name, serving hamburger with line of fake cocaine",0
282,CNN legal analyst Areva Martin accuses David Webb of ‘white privilege’ before learning he’s black,0
283,Joel Osteen Says He Didn't Open His Church for Shelter From Harvey Because Nobody Asked Him To,0
284,Hundreds of people gather to say ‘wow’ like Owen Wilson,0
285,City won't fix laneway because it's owned by a man who's been dead for 118 years,0
286,Baltimore restaurant owner can't get employees to return because they make more in unemployment,0
287,"Police Owe Nothing To Man Whose Home They Blew Up, Appeals Court Say",0
288,Lawyer sentenced to 18 years for smashing chair on judge's head,0
289,Man whose wife has cancer gets help to pay bills by winning $100K lottery prize,0
290,"Austrians can swear or make obscene gestures at politicans, court rules",0
291,YouTube cuts popular live stream of giraffe about to give birth for ‘nudity and sexual content’,0
292,"Wisconsin high school cheerleaders received awards for biggest breasts, butt at banquet",0
293,"Homeless denied social housing for being too poor, study says",0
294,Anti-porn filters stop Dominic Cummings trending on Twitter,0
295,Man in Hong Kong reportedly beaten up outside cinema for leaking Avengers: Endgame spoilers,0
296,BBC made Russell Howard rewrite a joke - in case it offended Isis,0
297,"Decriminalization of Domestic Violence Was a 'Mistake,' Russian Official Admits",0
298,Some Oregonians in Panic Mode After Law Allowing Motorists to Pump Their Own Gas Takes Effect,0
299,"Police officer fired for not shooting black suspect wins $175,000",0
300,Death Wish Coffee recalls cold brew cans due to potentially deadly toxin concerns,0
301,"Pastor admits to ""sexual incident"" with teen 20 years ago, gets standing ovation",0
302,"Man Who Had Caricature of Himself Drawn Steals Artist’s Money, Leaves Portrait Behind: Riverside PD",0
303,Thailand threatens to sue Facebook after videos emerge of king in crop top wandering in German shopping centre,0
304,Utah woman killed on cruise ship during murder mystery dinner,0
305,Superintendent Says Students Are Armed with Rocks In Case of a School Shooting,0
306,Big Cheese festival apologises for running out of cheese,0
307,Fatal police shootings could become a crime under proposed California law,0
308,This Utah woman was charged for being topless in her own home.,0
309,"Wisconsin sends 17,000 pounds of cheese to Houston",0
310,"Muffin Break boss slams Millennials, says young people won’t do unpaid work",0
311,A startup is pitching a mind-uploading service that is “100 percent fatal”,0
312,A parody website with embarrassing photos of Joe Biden is outranking his official campaign page on Google,0
313,Military veteran frustrated he has to annually fill out form to say his legs are still missing,0
314,This Republican politician allegedly told a woman 'I no longer have to be PC' before grabbing her crotch,0
315,Man chokes cashier for putting chips and canned goods in same grocery bag,0
316,Florida cop claims Burger King put dirt on his food — investigation reveals it was seasoning,0
317,Florida troopers find narcotics in bag labeled ‘Bag Full of Drugs’,0
318,Outcry after MSNBC host compares Sanders’ Nevada win to Nazi invasion,0
319,Army warns soldiers to be ready for potential violence by incels at 'Joker' screenings: reports,0
320,"Obese ISIS preacher who endorsed rape, ethnic cleansing carried to prison in truck",0
321,Bill Cosby says he is still 'America's Dad' in Father Day's tweet,0
322,El Paso woman living in Montana detained by Border Patrol for speaking Spanish,0
323,The first person to cross Antarctica alone and unaided says he pooped his pants less than halfway through - and had to continue using the same underwear for 38 days,0
324,We Do Not Have a Child Slave Colony on Mars: NASA,0
325,WeWork has reportedly postponed thousands of layoffs because it's too broke to pay workers severance,0
326,Mark Zuckerberg on billionaires: 'No one deserves to have that much money',0
327,"China says Xinjiang has 'boarding schools', not 'concentration camps'",0
328,Ukraine bans Steven Seagal as threat to national security,0
329,"People have paid a company more than $80,000 to dig a hole for absolutely no reason",0
330,The only official fired over the virus? A captain who tried to protect his crew.,0
331,University Professor: Men Don't Recycle Because They Don't Want People Thinking They're Gay,0
332,Ohio State Has Filed A Trademark Application For The Word “The”,0
333,Parents allow 11-year-old to drive car because they were sick of him playing GTA all day,0
334,A single factory is now working 24/7 to keep Kraft Dinner on grocery shelves,0
335,"Dr. Dre Boasts About Daughter Getting Into USC ‘All on Her Own,’ Then Remembers $70 Million Donation",0
336,No one shot in Chicago in 22-hour span,0
337,A woman was told to stop speaking 'foreign muck' but was actually speaking Welsh... in Wales,0
338,"50 Cent says he bought 200 front-row tickets to a Ja Rule concert, just so they'd be empty",0
339,YouTube gun ban drives bloggers to PornHub,0
340,People are walking into glass at the new Apple headquarters,0
341,Even the Insane Clown Posse Isn't Insane Enough to Gather This Year,0
342,North Carolina didn't like science on sea levels … so passed a law against it,0
343,Venezuela's currency value depends largely on one guy at an Alabama Home Depot,0
344,YouTube mistakenly flags Notre Dame Cathedral fire videos as 9/11 conspiracy,0
345,Betsy DeVos labels Black Colleges 'pioneers of choice' despite being set up for African-Americans with no options,0
346,17-year-old discovers planet 6.9 times larger than Earth on third day of internship with NASA,0
347,US police sergeant told to 'tone down the gayness' wins $20m in damages,0
348,Spaniard raised by wolves disappointed with human life,0
349,Delaware on verge of being first U.S. state to ban child marriage,0
350,Man With His Own Name Tattooed on his Neck Arrested for Giving Fake Name,0
351,Fake news: The Onion's fake headline about Cleveland's sewer system is actually true,0
352,Canadian politician says a family can eat on $75 a week,0
353,Divorces rise by 30% in Saudi Arabia after quarantine uncovers polygamous husbands,0
354,Police say 'Free Candy' van not a threat to public,0
355,The American Dream is much easier to achieve in Canada,0
356,Massachusetts mayor first in line as recreational marijuana sales begin,0
357,FCC chair Pai receives NRA gun award for courage,0
358,Woman almost dies after unborn baby kicks a hole in her womb,0
359,Apple's $300 book contains 450 photos of Apple products,0
360,Wells Fargo: Shareholders can't sue us because they should have known we were lying,0
361,Universities launch drive to recruit more white males as low numbers give them 'minority group' status,0
362,Japanese worker punished for starting lunch three minutes early,0
363,Fox News Mistakenly Uses Photo of Patti LaBelle in Aretha Franklin Tribute,0
364,Russian workers are undergoing training to learn how to smile ahead of the World Cup,0
365,Man arrested for choking driver who wouldn't stop singing Christmas carols,0
366,Papa John's founder eats more than 40 pizzas in 30 days. The verdict: It tastes different,0
367,Michael Bay to Produce Live-Action ‘Dora the Explorer’ Movie,0
368,Man fed up with nagging wife hides in forest for 10 years,0
369,Georgia defends voting system despite 243-percent turnout in one precinct,0
370,Charlottesville photo: Man shouting angrily at white supremacist rally insists he is not 'an angry racist',0
371,"MSP officer runs stops sign, hit by car, arrests other driver",0
372,"Gunman kidnaps family, forces them to shop at Target",0
373,"Syria Says U.S. Should Give Israel 'South Carolina' Instead Of Golan Heights, 'It's The Land Of Senator Lindsey Graham'",0
374,Unlicensed “health coach” claims health advice is free speech—court disagrees,0
375,Montreal mother told daughter doesn't count as 2nd passenger in carpool lane,0
376,Police planned to sell crime victim's car at auction instead of returning it,0
377,House passes amendment ordering Pentagon to review whether U.S. experimented with weaponizing ticks,0
378,Patients whose emergency surgeries are delayed have higher risk of dying: study,0
379,One in eight young people in the UK have never seen a real cow,0
380,Wisconsin man injured after upskirting shoe camera explodes,0
381,"Pope Francis admits: 'When I pray, sometimes I fall asleep'",0
382,Brazil's President Jair Bolsonaro joined a rally to end quarantine measures,0
383,Man mistakenly runs full Fargo marathon instead of half,0
384,"Jenny McCarthy doesn't know what her Google Home sounds like, assumes it's a ghost",0
385,"Robotic dildo barred from top tech showcase, prompting sexism claims",0
386,"Using emojis to teach Shakespeare will not help disadvantaged students, says head",0
387,"In Serbia, School Shooter with AK47 Got Beaten up by PE Teacher.",0
388,Texas man brings steer to Petco to test ‘all leashed pets are welcome’ policy,0
389,George RR Martin: ‘When I began A Game of Thrones I thought it might be a short story’,0
390,"Removing a GPS tracking device from your car isn’t theft, court rules",0
391,Google tracked his bike ride past a burglarized home. That made him a suspect.,0
392,"Dr. Oz apologizes for saying reopening schools is an ""appetizing opportunity"" because it would only kill 2-3% more people",0
393,"Beginning next school year, Wake County substitute teachers must have high school diploma",0
394,Man loudly cheering on-screen murders in 'Joker' NY screening sends many to exit,0
395,Protesters throw Pepsi cans at police during May Day demonstrations,0
396,Florida candidate says alien abduction doesn’t define her,0
397,"Putin: 'I am not a woman, so I don’t have bad days'",0
398,Rick Perry suggests fossil fuels help prevent sexual assault,0
399,"Mgm Resorts Sues More Than 1,000 Las Vegas Shooting Victims To Avoid Liability In Massacre",0
400,Pentagon says it still hasn't sent ventilators because it hasn't been told where to send them,0
401,"Without Obama, once-booming gun industry poised to shrink",0
402,"Sheboygan serial toilet clogger sentenced to 150 days in jail, probation",0
403,Putin on US administration: 'It’s difficult to talk with people who confuse Austria and Australia',0
404,Sean Spicer stole a mini fridge from Junior White House staffers,0
405,"Child molester’s wife sues Mormon church for $9.5 million, says husband is in prison because clergy reported his confession",0
406,Anti-Defamation League Declares Pepe the Frog a Hate Symbol,0
407,All of Mugshots.com’s alleged co-owners arrested on extortion charges,0
408,Game of Thrones viewers in China 'beg' for sex and violence to not be censored in final season,0
409,Amazon Reportedly Killed an AI Recruitment System Because It Couldn't Stop the Tool from Discriminating Against Women,0
410,Seminar on training police to kill without hesitation coming to Kansas City this December,0
411,"Prince Andrew: I didn’t have sex with teenager, I was home after Pizza Express in Woking",0
412,Applebee's offering $1 margaritas in October to remind people it's also a 'bar',0
413,Nintendo confirms Mario was originally punching Yoshi in the head,0
414,InfoWars' Alex Jones Says He's Been Defamed by Defamation Suits,0
415,Twitter CEO says Mark Zuckerberg once killed a goat with a stun gun and served it to him for dinner,0
416,"Accused of underpaying women, Google says it's too expensive to get wage data",0
417,Nestle says slavery reporting requirements could cost customers,0
418,‘Did I miss anything?’: A man emerges from a 75-day silent retreat in Vermont,0
419,Rio 2016: Officials forced to cut their way into Olympic stadium after losing keys to gate,0
420,Robert Pattinson refused to perform sex act with dog for new film,0
421,"Philippines’ Duterte says he stabbed someone to death as a teen, then proposes hosting human rights summit",0
422,Israel responds with 'Mean Girls' GIF after Iran's Ayatollah Khamenei's nuclear threats,0
423,Missouri lawmaker introduces bill that would require AR-15 ownership,0
424,Pizza man celebrated as 'hero' after making it through G20 crowds,0
425,NYC Sex Shop Sued Over 6-Ft Sewage Wall From Condom Buildup,0
426,Study finds Americans who join ISIS are disappointed by the experience,0
427,Bishop says homosexuality passed on to the unborn when pregnant women enjoy anal sex,0
428,Local teenager robbed at gunpoint by teen he planned to rob,0
429,"After finding his doppelganger, Kansas City man is freed from prison",0
430,Man declares he is now attracted to men after taking painkillers,0
431,"R Kelly claims he can't read, says he couldn't properly defend himself in sex abuse case",0
432,Lawyers say ‘tax haven’ is a dirty word in Panama Papers case,0
433,"Joe Biden calls game developers ""little creeps"" who make titles that ""teach you how to kill""",0
434,BP claims an oil spill off Australia's coast would be a 'welcome boost' to local economies,0
435,Poll: 80% of voters think the U.S. is spiraling out of control,0
436,"Prisoners built two PCs from parts, hid them in ceiling, connected to the State's network and did cybershenanigans",0
437,Convicted murderer says life sentence was served when he died and was revived after septic poisoning,0
438,Russian bank: we assigned $12 billion 'loan' to poor African state by mistake,0
439,"Dennis Rodman offers to help Trump, US 'straighten things out' with North Korea",0
440,Christmas service accidentally prints words to Tupac's ‘Hail Mary’ instead of carol,0
441,World Clown Association Complains The Movie ‘IT’ Is Hurting Real Clowns,0
442,"Knife robber tries to rob Glasgow shop but is beaten with mop, tries to rob nearby shop and is beaten with mop again",0
443,Condom Company Releases “Baby Blocker” to Wipe Baby Pictures From Social Media Feeds,0
444,Obama dreams of opening a T-shirt shack in Hawaii after he leaves the presidency,0
445,Rapper B.o.B. Has Started a GoFundMe Campaign to Prove That the Earth Is Flat,0
446,Florida candidate poses with fake diploma after questions about her credentials,0
447,Pilot 'congratulates' passengers for drinking all alcohol on plane,0
448,Texas House passes bill legalizing lemonade stands run by children,0
449,Mike Pence warns U.S. heading for Canada-style health care if Graham-Cassidy bill fails,0
450,Congressman tells angry constituents the idea that they pay his salary is ‘bullcrap’,0
451,Millions of People Face Stimulus Check Delays for a Strange Reason: They Are Poor,0
452,American airline wins right to weigh passengers to prevent crash landings,0
453,4 underage men accused of drinking while operating horse and buggy,0
454,Woman left homeless after thieves steal her house,0
455,A Saudi singer was jailed after dabbing during a concert,0
456,Britain’s richest men worth £22 billion use taxpayers’ cash to furlough staff,0
457,Youporn bans Starbucks after Starbucks banned Porn,0
458,"Paige Patterson, Who Was Fired For How He Handled Student Rape Allegations, Will Now Teach a Christian Ethics Course",0
459,NC mom invents a spray she says will attract any Bigfoot within a mile and a half,0
460,"New type of northern lights discovered, named Steve",0
461,American Airlines flight departs Manchester 22 minutes early without passenger - and blames passenger,0
462,Worker who raised alarm before deadly New Orleans hotel collapse to be deported,0
463,Black delivery driver blocked into Oklahoma neighborhood by HOA president,0
464,"Astronauts find hole in the International Space Station, plug it with thumb",0
465,US Kindergartens Now Teaching Nursery Rhymes To Prep Kids For School Shooters,0
466,Top ICE Lawyer Sentenced to Four Years in Prison For Stealing Immigrants’ Identities,0
467,'Penis Man' Graffiti Artist Arrested by '25 Heavily Armed SWAT Officers',0
468,"Enraged naked postal worker goes on killing spree, police say",0
469,"Pipeline spills 176,000 gallons of crude into creek about 150 miles from Dakota Access protest camp",0
470,"A ""caravan"" of Americans is crossing the Canadian border to get affordable medical care",0
471,"In Amsterdam, Even The Tourists Say There Are Too Many Tourists",0
472,Miami orders scooters removed from streets before hurricane Dorian turns them into flying projectiles,0
473,Japanese mayor says men should grocery shop during pandemic as women 'take a longer time',0
474,A school called police after a kindergartner with Down syndrome pointed a finger gun at her teacher.,0
475,Man Lost in Snow for Five Days Survived on Taco Bell Sauce Packets,0
476,President Xi congratulates Kim Jong Un on reelection,0
477,"The Shape Of Water would have been less popular if she'd fucked a dolphin, reports guy who once fucked a dolphin",0
478,How Many People Have to Die Before We’re Done With Gender Reveals?,0
479,Man grieved at wrong grave for 30 years due to misplaced headstone,0
480,Mexicans demand crackdown on Americans crossing the border,0
481,"Woman in China sends 1,000 kg onions to ex-boyfriend to make him cry",0
482,DeVos backlash Sees Parents Threatening to Homeschool Kids,0
483,Vatican Releases Pokemon GO Clone For Catholics,0
484,"""One hour of Peppa Pig a day gave my child a British accent.""",0
485,Delhi air quality improves to ‘very poor’,0
486,"Alcohol-free sanitizer given to prisoners to prevent them from making ""moonshine""",0
487,Some anti-vaxxers are changing their minds because of the coronavirus pandemic,0
488,2 accidentally shot at church during church shooting discussion,0
489,"Cow runs away from Indiana police, blocks traffic and goes to Chick-Fil-A",0
490,Iranian factory makes U.S. and Israeli flags to burn,0
491,Julia Roberts 'was first choice' to play black abolitionist Harriet Tubman,0
492,Ohio abortion ban proposal calls for reimplanting ectopic pregnancies,0
493,"Child spies used only when very necessary, says Downing Street",0
494,Pet deer named after Bambi character shot dead in front of US family in their driveway,0
495,Amazon removes circumcision training kits from sale,0
496,Phoenix flights cancelled because it's too hot for planes,0
497,"Police handcuff people trying to protect store from apparent looters, while suspects run away",0
498,"'Sorry,' says man, 19, who opened fire at Florida high school",0
499,Russia warns US against 'meddling' in presidential election,0
500,Ann Ashford's virtual town hall delayed by person posting porn during video chat,0
501,"Nebraska flag flew upside down at Capitol for 10 days and 'nobody noticed,' says senator who wants design change",0
502,Shredded T-shirts used as toilet paper back up California city sewer,0
503,"Kim Jong Un Reportedly Dead, Bookmakers Refrain From Offering Odds",0
504,"As measles outbreak spreads, one anti- vaxxer asks how to keep her child safe",0
505,Georgia lawmaker: Can people with HIV be 'legally' quarantined?,0
506,"Construction crew hits underground fiber line, causes outage of 'call before you dig' hotline",0
507,Syria’s Assad Says Jeffrey Epstein Did Not Kill Himself,0
508,Obsessed fan finds Japanese idol's home by zooming in on her eyes,0
509,"Woman thought she had kidney stones, gave birth to triplets",0
510,"‘We don’t want to con anyone’: Inventor charging $50,000 for rain denies ‘preying’ on farmers",0
511,Charlie Daniels warns Taco Bell: 'The illuminati is not a frivolous subject',0
512,Japan suicides decline as Covid-19 lockdown causes shift in stress factors,0
513,"After 6-Year Battle, Florida Couple Wins The Right To Plant Veggies In Front Yard",0
514,"To fight high drug prices, Utah will pay for public employees to go fill prescriptions in Mexico",0
515,"German zoo's 'escaped' animals didn't actually escape, just hiding",0
516,Facebook apologizes after mistaking Trump social media director for a bot,0
517,Court Recommends Electronic Monitoring For Woman Accused Of Escaping Electronic Monitoring,0
518,Slovakian woman arrested for playing opera non-stop for 16 years,0
519,Hong Kong billionaire tycoons call for end to protests as unrest affects their profits,0
520,Satanic Temple cites religious beliefs as immunity from Supreme Court abortion ruling on fetal remains,0
521,Moscow Says It Has Nothing to Do With Hundreds of Tanks in Eastern Ukraine,0
522,Jessica Simpson sued for posting paparazzi photo of herself on Instagram,0
523,"Grizzly bears go vegetarian due to climate change, choosing berries over salmon",0
524,Denver police have forgotten about people in their custody overnight three times this year,0
525,"Lady Gaga's super bowl halftime performance was actually a Satanic ritual, say the Alt-Right",0
526,US rapper Lil Wayne 'never going back to Riyadh' after Saudi concert,0
527,Forest Service Recommends Hugging Trees While You Can’t Hug Others,0
528,"Saudi Arabia has more women's rights than the West, says Saudi princess",0
529,"And You Thought Your Day Was Bad: Suspects Pocket Dial 911, Discuss Plans To Rob Restaurant...Where Police Chief Was Eating",0
530,"Omaha dad finds pot brownies, eats 4 of them, says mean things to cat",0
531,Bar owner says health-conscious customers who only order tap water are ruining her business,0
532,"Utah lawmaker doesn't recommend 'shooting up marijuana,' but says 'no big deal' after first-use",0
533,Award-winning lamb under investigation for performance-enhancing drugs,0
534,The Queen reported to West Yorkshire Police for 'not wearing seat belt',0
535,Half of 8th grade class from New Jersey refuses to pose with Speaker Ryan,0
536,German city offers $1.1M to whoever proves it doesn’t exist,0
537,A man found 54 human hands in the snow. Russia says they’re probably just trash,0
538,"Applebee's is betting on stress eaters, and it's paying off",0
539,"New York City EMT suffers stroke driving ambulance, then colleague who came to help has aneurysm",0
540,Man who ordered gluten-free meal on flight is given a single banana – and cutlery to eat it with,0
541,Suicidal man doused in gasoline catches fire after police use Taser on him,0
542,"In 2019, more Americans went to the library than to the movies. Yes, really.",0
543,Black US politician reported to police while canvassing for votes,0
544,"Pittsburgh Doctor Claims Antonio Brown Repeatedly Farted In His Face, Owes Him $11,500",0
545,BP worker wins after Hitler meme case goes all the way to Federal Court,0
546,‘Live pee or die’: N.H. governor steps in to let woman keep her ‘PB4WEGO’ license plates,0
547,App concept records sexual consent in legally binding agreement,0
548,Women-only network appoints male chairman,0
549,Workmen's cafe overwhelmed with customers after it is accidentally awarded a Michelin star,0
550,Donald Trump officially names Obamacare replacement 'World's Greatest Healthcare Plan of 2017’,0
551,Facial recognition can't tell black and brown people apart - but the police are using it anyway,0
552,Police nab 'Nigerian prince.' He's a 67-year-old guy in Slidell. Who knew?,0
553,Nanny cam at Phoenix home catches federal agent smelling girl's underwear,0
554,"Woman Cop Proposes Wanted Criminal, Arrests Him In Temple During Marriage",0
555,Indonesian minister calls on the rich to marry the poor as a way to cut country's poverty rate,0
556,German zombie hunters stopped at Swedish border with car full of weapons,0
557,B.C. couple loses child custody after stuffed lion purportedly transmitting the word of God acted as their lawyer,0
558,Stephen Miller's third-grade teacher suspended after saying he ate glue as child,0
559,Town with brown water has no record of cleaning its water tower,0
560,Japanese firm to use drone to force overtime staff to go home,0
561,Joel Osteen: Televangelist whose church closed during Hurricane Harvey tells victims not to have 'Poor Me' Attitude,0
562,Iran charges families for bullets used to kill protesters,0
563,Bill Cosby Says Being Declared A Sexually Violent Predator Will Damage His Reputation,0
564,Fortnite Addiction Is Becoming a Problem for Major League Baseball,0
565,"Rick Perry is being considered for energy secretary, a position he wanted to eliminate",0
566,Someone is putting tiny cowboy hats on pigeons in Las Vegas as animal rescue works to remove them,0
567,Black actor in play about racism complains after police mistake him for drug dealer outside theatre,0
568,"Teenager on the run responds to police on FB, asks them to use better picture of her",0
569,Australia sends out same-sex marriage survey with barcode 'bumsex',0
570,Police: Thieves using blowtorch to steal from Everett ATM accidentally set cash on fire,0
571,Man who accidentally stole car 21 years ago searching for vehicle's owner,0
572,Donald Trump's team 'holding meetings in the dark as they can't find right light switch in White House',0
573,Clearwater mayor calls for assault weapons ban: ‘My prayers aren’t working’,0
574,"China Launches World’s First All-Electric Cargo Ship, Will Use It To Haul Coal",0
575,Man's Jack Daniel's flag mistaken for ISIS flag by 'worried' neighbors,0
576,"Cheddar-gate: French chef sues Michelin Guide, claiming he lost a star for using cheddar",0
577,British officials create 41-mile detour for 65-foot-long road closure,0
578,"Pregnant women's bodies are 'hosts', says US lawmaker",0
579,Michigan cops may soon be barred from having sex with prostitutes while undercover,0
580,White noise video on YouTube hit by five copyright claims,0
581,Man was arrested for breaking social distancing rules - by paddle boarding alone with nobody around,0
582,"Fearing Their Dogs Will Develop Autism, Some Owners Are Declining Vaccinations",0
583,Trump misquotes himself while claiming Wall Street Journal misquoted him about Kim Jong Un,0
584,Greensboro Man Creates Dating App Where He's The Only Guy Allowed,0
585,Star Wars villain Kylo Ren becomes fastest-rising baby name in the US,0
586,67-year-old man dies from heart attack after catching prized Pokemon 'Lapras' at MBS,0
587,Police unsure if car dangling from Toronto bridge is part of movie shoot,0
588,Nordstrom offering pre-dirtied jeans for $425,0
589,Alberta police dog accidentally fires handgun found after parking lot fight,0
590,Thousands sign up to clean sewage because they didn't read the small print,0
591,"Wife in UAE seeks divorce because husband loves her a lot, doesn't argue with her",0
592,Hundreds rally to preserve right not to vaccinate children amid measles outbreak,0
593,"Some Rivers Are So Drug-Polluted, Their Eels Get High on Cocaine",0
594,"With ingestible pill, you can track fart development in real time on your phone",0
595,Unpaid $8.41 property tax bill cost Michigan man his house,0
596,Man arrested for speeding in DeLorean at 88mph,0
597,"Police Use Taser on Woman, 87, Who Family Says Was Cutting Dandelions",0
598,"Man Uses $1m Win To Finally Visit Doctor, Gets Terminal Cancer Diagnosis, Dies Weeks Later",0
599,"Balenciaga's $2,145 bag is just like Ikea's 99 cent tote",0
600,Trump’s press secretary has been fighting with Dippin’ Dots for 5 years,0
601,"FEC declares Kid Rock couldn't have run for senate as ""Kid Rock,"" thus clearing him of federal complaints",0
602,"Bitcoin mining could cancel out climate change efforts, scientists say",0
603,Radio ad in Arkansas suggests ‘lynching’ if Democrats win,0
604,"Ted Cruz tweets Zodiac Killer confession, extending the internet's favorite meme",0
605,US Department of Education misspells name of civil rights activist W.E.B Du Bois — then misspells apology tweet,0
606,Florida Didn't Conduct Gun Background Checks for a Year Because an Employee Couldn't Log In,0
607,‘We will declare war’: Philippines’ Duterte gives Canada 1 week to take back garbage,0
608,Florida medical examiners were releasing coronavirus death data. The state made them stop.,0
609,"Shopworker stole £1,500 worth of scratchcards — and didn't win ANYTHING",0
610,Lindsey Graham prank called by Russians pretending to be Turkish defense minister,0
611,"Uber can't keep down accusations of ""vomit fraud"" against its drivers",0
612,Police: Flushing drugs could create Alabama ‘meth-gators’,0
613,'You will never be forgotten' headstone left behind at airport,0
614,Michigan state senator apologizes for wearing face mask that looks like Confederate flag,0
615,"Crematorium goes up in flames, bodies survive",0
616,Man Survives Jumping Into Zoo's Elephant Enclosure as Animals Show Mercy and Escort Him Out,0
617,Youth leader facing sex charges claims teen was 'keen as a jellybean',0
618,Cabinet member praises absence of protest in a country where protests are illegal,0
619,Adidas Apologizes After Sending ‘You Survived’ Email to Boston Marathon Finishers,0
620,"Meanwhile, on Reddit, dudes can’t stop talking about fucking coconuts",0
621,Laid-off state employees being called back to staff unemployment compensation centers,0
622,Africa Trade Meeting Has No Africans After US Visa Denials,0
623,Winnipeg's 1st toking and driving ticket issued 1 hour into legalization,0
624,Rio diving pool—still green—now closed and smells like farts,0
625,Facebook apologizes after labeling part of Declaration of Independence 'hate speech',0
626,Japanese security firm finds success with guards dressed as ninja,0
627,Woman on trial for laughing during Jeff Sessions' confirmation hearing,0
628,More states allow sunscreen at schools without doctor’s OK,0
629,John Kelly: 'The lack of an ability to compromise led to the Civil War',0
630,Republican Congressman Says God Will 'Take Care Of' Climate Change,0
631,"Google CEO responds to Steve King's iPhone concerns: 'Congressman, iPhone is made by a different company'",0
632,Police: Fake cop busted pulling over real detectives on Long Island,0
633,Footballer accidentally thanks his wife and girlfriend in incredible man of the match speech,0
634,Lawmakers sick after drinking raw milk to celebrate legalizing raw milk,0
635,Coronavirus Conference Gets Canceled Because of Coronavirus,0
636,"Seattle Times apologizes for not knowing where Alabama, Mississippi are located",0
637,15-year-old activist accuses world leaders at UN climate conference of 'behaving like children',0
638,Boy sent home from anti-bullying day at Auckland school for not wearing enough pink,0
639,I acted as a man to get work - until I was accused of rape,0
640,Uk surgeon finds 27 missing contact lenses in woman’s eye,0
641,Netflix develops marijuana strains based on its original shows,0
642,11yo tries and fails to bribe Prime Minister Jacinda Ardern into funding dragon research,0
643,Joaquin Phoenix will wear the same tuxedo for every awards show this year to 'reduce waste',0
644,Venezuela's currency now worth so little shopkeepers weigh vast piles of notes instead of counting them,0
645,Theatre-goer attacks ‘Roman soldier’ in a bid to rescue ‘Jesus’ from being crucified,0
646,"New Zealand thrash-metal band will miss Salt Lake City show, because they’re too young to enter a bar",0
647,Man who stood in line to rob bank wearing mask and gloves wasn't queried because staff thought he may have skin condition,0
648,Estonian Police Unmasked 13 Year Old Head of International neo-Nazi Group,0
649,Man Wants Town To Pay For Damage On His Lowered Car After Driving Over Speed Bumps,0
650,Wal-Mart Asks Employees to Deliver Packages on Their Way Home,0
651,"Black teenage woman, mistaken for machete-wielding black man, alleges police brutality",0
652,Lion unleashed on Pakistani man for demanding wages,0
653,Australian man patents the Hamdog - a hotdog and burger combo,0
654,Mother files federal lawsuit after son doesn’t make varsity team,0
655,Sheriff: Man With Cocaine in Nostrils Tells Deputies It's Not His,0
656,"South Florida drivers would trade sex for less traffic, poll shows",0
657,Chinese farmer unleashes 300 million hungry cockroaches to eat food waste,0
658,Vancouver condo developers offer free wine or year’s supply of avocado toast to woo buyers in slowing market,0
659,Video: SNES Classic Runs PSone Games Better Than The PlayStation Classic,0
660,"In a Leaked Memo, Apple Warns Employees to Stop Leaking Information",0
661,Hackers are getting hacked via trojanized hacking tools,0
662,People stroll by as reporter ‘braces’ against wind. Weather Channel blames ‘wet grass’,0
663,'Lesbianism' listed as condition on North Carolina woman's medical chart,0
664,Martial arts academy posts how-to video for defending against Trump handshake,0
665,Senators under strict orders to pay attention during weeks-long impeachment trial,0
666,Woman becomes a princess after marrying Ethiopian prince she met in nightclub,0
667,Man crushed to death by forklift truck driven by pet dog,0
668,White St. Louis police officer shoots off-duty black officer,0
669,"Only 'thoughts and prayers' will stop evil behind shootings, Florida state senator says",0
670,Woman 'secretly fattened up bridesmaids before wedding',0
671,Crystal Palace fans accidentally vandalise their own team bus,0
672,Japanese police arrest 74-year-old ninja thief suspect,0
673,Tulsa Officer Acquitted of Killing Unarmed Black Man Holds Police Shooting 'Survival' Class,0
674,Fans are legitimately upset that Michael Phelps didn't race a real shark,0
675,Free porn offered to quarantined coronavirus cruise passengers,0
676,Man tweets Harry Potter book line-by-line to Piers Morgan,0
677,Japanese zoo mourns anime-loving celebrity penguin,0
678,Ruth Bader Ginsburg to Make Cameo Appearance in 'Lego Movie 2',0
679,'Shock' as Vatican document says it is 'not essential' that consecrated virgins be actual virgins,0
680,Texas town holds .5K - not 5K - for underachievers,0
681,Chinese dating apps closed after women revealed to be robots,0
682,"Woman dies at 102, DirecTV charges early termination fee",0
683,Tillerson: 'I didn't want this job ... My wife told me I'm supposed to do this',0
684,Anger as Churchill's home is turned into Hitler HQ for Transformers 5,0
685,US Navy sailors instructed to 'clap like we're at a strip club' for Pence arrival,0
686,Thieves replace Paraguay police rifles with toy replicas,0
687,French serial-killer 'expert' admits he made up his experience — even the murder of his nonexistent wife,0
688,Man marks his ex-girlfriend's apology letter and sends it back to her,0
689,Second Spanish church falls prey to well-intentioned restorer,0
690,Rapper Soulja Boy Releases New Handheld Game Console and It Looks Terrible,0
691,Indian pilot returns home a hero and sparks mustache trend,0
692,Doctors save Canadian woman's life by removing her lungs for six days,0
693,"Exclusive: Neo-Nazi and National Front organiser quits movement, opens up about Jewish heritage, comes out as gay",0
694,Canada's immigration website crashes on election night,0
695,'I Don't Want to Go in a Police Car.' Body Camera Footage Captures Handcuffed 6-Year-Old's Tearful Pleas During Arrest at School,0
696,'Don't get shot by police' is goal of new advice in Arizona driver's manual,0
697,Sacha Baron Cohen’s ‘Who Is America?’ Deleted Scene May Have Exposed Elite Pedophile Sex Ring,0
698,The USMC would like you to know that being in armed combat is exactly like playing Super Smash Bros.,0
699,"Man searching for toilet stumbles across 49,000 year-old evidence of earliest human settlement in Australia",0
700,Man given $149 ticket for singing 90s dance song while driving,0
701,High Court to decide if police can enter your home and steal from you,0
702,Carjackers leave man's car behind after discovering it has a manual transmission,0
703,Finance boss stole £370k from his firm and bought kittens,0
704,"Cyclist celebrates stage win a lap early, goes on to finish 148th",0
705,"Bride cancels wedding, breaks up with fiancé after friends and family refuse to pay for $60G nuptials",0
706,Donald Trump Tweets SNL Is ‘Totally Biased’ After Sketch About His Twitter Habit,0
707,Arizona postal worker cooks steak on dashboard to show ‘unsafe’ working conditions,0
708,"'This Must Be Some Mistake,' Says Snowboarder After Winning Olympic Gold In Skiing",0
709,Child protection commissioner apologizes for saying ‘strong sperm’ could impregnate women in swimming pools,0
710,"Sam Elliott on his Oscar nod: ""It's about fucking time""",0
711,Alex Jones brags that he’s a “number one meme” during custody trial,0
712,Gold Coast police urging victims to drop complaints to improve crime statistics,0
713,Viral Chinese video game measures which players can clap fastest for President Xi Jinping,0
714,King of West African tribe returns to landscaping job in Canada,0
715,Theme park ride based on Princess Diana's fatal crash opens tomorrow,0
716,Bill would block computers bought in S.C. from accessing porn,0
717,David Attenborough Themed Raves Are Taking The UK By Storm,0
718,Dead or Alive Xtreme PC will downgrade boob physics on low-end hardware,0
719,Texas mom had to pay $600 to see video of 5-year-old daughter bullied on bus,0
720,People with serious food allergies want impostors to stop faking it in restaurants,0
721,"Chinese, Indian troops engage in 150-strong border brawl with fistfights and stone throwing, Delhi says",0
722,Eight-year-old wins $200 worth of cannabis products at youth hockey tournament,0
723,'I don't eat onion': FM Nirmala Sitharaman on skyrocketing onion prices,0
724,Qipao prom dress that caused a culture furore in the US draws head-scratching in China,0
725,Suicide Squad fans petition to shut down Rotten Tomatoes after negative reviews,0
726,U.S.-born panda twins struggle in China as they know only English,0
727,North Korea bans sarcasm because Kim Jong-un fears people only agree with him ‘ironically’,0
728,We regret to inform you that Rugrats now has a porn parody,0
729,Germany apologises after deleting Israel off the map,0
730,Pizza delivery man gets $180K settlement after being crushed by 400 pounds of cheese,0
731,Iceland witnesses record-breaking baby boom nine months on from humiliating England at Euro 2016,0
732,Gunman apparently stopped shooting to post online,0
733,Wisconsin DNR sold 10 hunting licenses to infants,0
734,"Payless Opens Fake Luxury Store, Sells Customers $20 Shoes For $600 In Experiment",0
735,"Ryanair asks wheelchair user to walk up stairs, leaves her crying at the gate",0
736,Missouri sues China for 'not doing enough' to stop coronavirus spread,0
737,"House Republicans claim an annual salary of $450,000 is middle class",0
738,Man facing car theft charges arrested after allegedly arriving at court in another stolen vehicle,0
739,Porn Site xHamster Wants to Produce ‘Sense8’ Season 3,0
740,Man crashes into tree after driving with his head out car window 'like Ace Ventura',0
741,British Airways system outage 'caused by IT worker accidentally switching off power supply’,0
742,"Woman with lupus took hydroxychloroquine for 19 years, still got COVID-19",0
743,ESPN: Browns want to interview former Secretary of State Condoleezza Rice for head coaching job,0
744,Paris Hilton thinks she would have been social figure like Princess Diana if it weren't for sex tape,0
745,UK believes Kremlin behind prank call to Foreign Secretary Boris Johnson,0
746,China Communist Party Kicks Out General Who Killed Himself,0
747,Police: Man angry he can't pump own gas in New Jersey punches worker,0
748,"Perth man says 'thanks' after thief leaves money, removes problem stereo",0
749,Officer gives firefighter apology cake: ‘Sorry I tased you’,0
750,"Exorcisms booming as Christian faith declines and internet offers easy access to black magic, priests told",0
751,"More condoms, fewer cigarettes found in annual New Jersey beach cleanup",0
752,Health Canada Warning Reminds Public Not to Eat Laundry Pods,0
753,Biden jokingly calls voter a 'lying dog-faced pony soldier' at New Hampshire event,0
754,Bike manufacturer sees huge reduction in delivery damage by printing TV on the box,0
755,"Trump puts Bannon on security council, dropping joint chiefs",0
756,TSA to deploy more floppy-ear dogs because they're less scary than pointy-ear dogs,0
757,"Milledgeville woman orders 'Moana'-themed cake, gets marijuana design by mistake",0
758,Statue's face 'too friendly for Satan',0
759,"Agencies advise on possible 'Lizard Man,' 'Bigfoot' sightings in South Carolina during eclipse",0
760,New Warriors: Marvel's First Non-Binary Hero is Codenamed Snowflake,0
761,One-Thousand-Year-Old Mill Resumes Production to Supply Flour Amid Pandemic,0
762,"Billionaires Taking Months-Long, Multi-Million Dollar Sabbaticals to Get 'Back to Basics'",0
763,Half of Detroit’s 8 mayoral candidates are felons,0
764,Write-in votes for Nick Saban may have swayed Alabama Senate,0
765,California Lawmaker Nicknamed 'Huggy Bear' Told to Stop Hugging People,0
766,Derailed train car hits bar named 'DeRailed' in Iowa,0
767,Walmart is being sued for inventing a fake craft brewery,0
768,School tells sixth-graders they can't say no when asked to dance,0
769,Delaware boy who defied mom to stay up and watch Netflix saves her from late-night fire,0
770,"Judge can’t end a trial just because he has ‘heard enough,’ appeal court rules",0
771,Comcast complains it will make less money under Calif. net neutrality law,0
772,Man accused of trying to pay prostitute with hamburger caught in police sting,0
773,U.S. government ordered to solve 'Case of the Incredible Shrinking Airline Seat',0
774,DOJ investigates itself,0
775,'The Drug Whisperer': Drivers arrested while stone cold sober,0
776,K-pop stans flooded the #WhiteLivesMatter hashtag on Twitter and Instagram with fancams and memes to drown out racist posts,0
777,Man's car gets stolen while he's busy robbing a store,0
778,Pro-Putin rapper sets record for unpopularity on Russian YouTube,0
779,Coronavirus Florida: Bradenton ‘church’ ordered to stop selling bleach as COVID-19 miracle cure,0
780,"Parking Meters Across NYC Not Accepting Credit Cards, Were Never Programmed To Work In 2020",0
781,Chicago goes nearly one week without a fatal shooting,0
782,New Yorkers repeatedly ticketed — even though they don’t have a car,0
783,"Fall Out Boy is sued for overuse of llama puppets in videos, marketing",0
784,Astronaut accused of hacking former spouse's bank account from space,0
785,Baltimore Mayor Jack Young Suggests Public Boxing Rings To End Street Beefs,0
786,Man 'pulled bag of cocaine from penis' after arrest for laughing at cops,0
787,"Madison Police: Car thieves leave car behind, do not know stick shift",0
788,Researchers suggest replacing car honks with duck quacks,0
789,2 clients of spa that offered 'vampire facials' diagnosed with HIV,0
790,Deputies: Pinellas Park man Googled 'how to rob a bank' then robbed a bank,0
791,"After 5 Days, Man in Gorilla Suit Almost Done Crawling the London Marathon",0
792,Arizona man selling ranch for $5M due to constant ‘alien attacks’,0
793,Lego admits it made too many bricks,0
794,Limerick student tricks scammer to give him money,0
795,Chinese restaurant offers bra-size discounts,0
796,"Robot being trained to shoot guns is ‘not a terminator’, insists Russian deputy prime minister",0
797,Child taken to hospital with constipation 'because school's strict loo roll policy left her too scared to go to the toilet',0
798,"London: Firefighter tries rescuing a Macaw parrot stuck in a roof, is asked to 'F*ck off' by the bird",0
799,"Microsoft pulls plug after chat robot slings slurs, rips Obama and denies Holocaust",0
800,"Queen's patronage has single-handedly saved the British hat industry, Philip Treacy says",0
801,Rocket City Trash Pandas chosen as new Madison baseball team’s name,0
802,Donkey leads escaped herd of goats and sheep through California neighborhood,0
803,Russian Journalist Charged for ‘Controlling Minds’ With ‘1984’ Reference,0
804,Crew called to own station: Response time 'exceptional’,0
805,Report: Some patients treated for putting sunblock in their eyes during eclipse,0
806,"Broadcom sues Netflix for its success: You’re stopping us making a fortune from set-top boxes, moans chip designer",0
807,The Teen Who Ashton Kutcher Hit With a Car Is Fine and Says It Turned Out to Be a 'Really Cool Experience',0
808,"Harvey Weinstein ""Desperately Trying"" to Hire Female Attorney at a Discount",0
809,"Bears In Ukraine Aren't Hibernating Because It's Too Warm, Have Started Suffering From 'Insomnia'",0
810,"W.Va. lawmakers try to give teachers smaller raise, accidentally pass bill giving them full raise",0
811,Report of Tiger Running Amok in Manhattan Turns Out to Be Raccoon: NYPD,0
812,The totally wireless AirPods have their first accessory: a wire,0
813,"Naked Russian Man Tries to Board Plane, Claiming to Be More 'Aerodynamic'",0
814,Italy's Sara Errani suspended for just two months after blaming mum's tortellini for failed drugs test,0
815,White House on banning CNN reporter from event: 'We support a free press',0
816,Former Norway PM held at Washington airport over 2014 visit to Iran,0
817,American Apparel founder Dov Charney: ‘Sleeping with people you work with is unavoidable’,0
818,Artist building wall of cheese at Mexico border to “Make America Grate Again”,0
819,Dad Accused of Raping Daughter Saved by Mention of 'Fifty Shades of Grey',0
820,"TPD says man stole car from jail parking lot, moments after being released from same jail",0
821,2 teen girls shot as Birmingham water balloon fight turns into gun fight at Senior Skip Day,0
822,"Cops get called for a noise complaint, find people playing Smash Bros. Ultimate, and join in on the fun",0
823,Proposed Bill Would Ban Cellphone Use For Anyone Under 21,0
824,DOT reminds drivers deer can't read signs,0
825,A 2nd Olympic pool has turned green,0
826,"Starbucks coffee in California must have cancer warning, judge says",0
827,"Today is the 8 year anniversary of the Stop Trading on Congressional Knowledge (STOCK) Act. The law prohibits the use of non-public information for private profit, including insider trading by members of Congress.",0
828,'Cancer patient' finds lump was toy traffic cone inhaled in 1977,0
829,Crocodile eats beloved terrier that had spent a decade taunting it,0
830,Toddler Dies after Anti-Vaxx Parents Treat His Meningitis with Maple Syrup Instead of Medicine,0
831,8 families find out they have been paying respects to the wrong graves for 39 years,0
832,"'We thought it was a prank': Girl, 6, finds China prisoner plea in Tesco charity card",0
833,Toronto man says Canada Post just delivered package he ordered 8 years ago,0
834,"Steve Harvey's new show Funderdome gets leaked, no-one downloads it",0
835,Baltimore Police officer mistakenly records himself with body cam planting drugs at crime scene,0
836,Man wearing TV on head caught on camera leaving old TVs on Virginia front porches,0
837,"Charlotte spent millions on low-income housing, but poor people can’t afford it",0
838,Teenager afraid of water and who couldn't swim died after jumping into canal to overcome fears,0
839,Missing hiker faces huge bill for rescue operation after he was found in luxury hotel,0
840,"Nurse calls out sick with flu, then gets fired for violating hospital’s attendance policy",0
841,"U.S. threatened Ecuador over support for resolution encouraging breastfeeding, report says",0
842,GOP chairman: Kids are ‘brainwashed’ on climate change,0
843,'Safer than London!' North Korea opens door to Russian tourists,0
844,"Saudi man arrested for flying ‘pretty’ rainbow flag, had no idea it represented gay pride",0
845,Juror Walks Off to Take Phone Call as Texas Tests First Jury Trial Via Zoom,0
846,"Cops used 'Big Blue' dildo to harass men and women, so town says lawsuit should be tossed",0
847,Guy Fawkes event in King's Point shut down for being actual dumpster fire,0
848,Miley Cyrus 'felt sexualised' while twerking during 2013 MTV VMA performance,0
849,California skate park filled with sand to enforce social distancing backfires as dirt bikers show up,0
850,Junk food cravings are triggered by the mere thought of being low class,0
851,"Oysters Can Get Herpes, And It’s Killing Them",0
852,City finally fixing sinkhole after fed-up residents grew tomatoes in it,0
853,England's oldest man says the secret to a long life is 'avoid dying' - and he has more to say,0
854,North Korean cheerleaders caught off guard by fake Kim Jong Un,0
855,Samuel L. Jackson endorses Rashida Tlaib's use of 'mother****er',0
856,Woman mistakes town meeting for Donald Trump rally and smears 30 cars with smooth peanut butter in protest,0
857,"Japan has a worrying number of virgins, government finds",0
858,Man Busted With 800 Pounds of Stolen Lemons,0
859,Dating website to match Canadians with Americans escaping Trump presidency,0
860,"Homeopathy 'treatments' must be labelled to say they do not work, US government orders",0
861,"Woman falsely reported that her husband killed her, police say",0
862,Kenyan vice president candidate debates himself after rivals' no-show,0
863,"Unaware of $2 bail, man spends almost five months in prison",0
864,Nigerians boycott Coca-Cola drinks after court rules them 'poisonous',0
865,Gianforte calls for civil politics after assaulting reporter,0
866,Former 'Top Gear' host Jeremy Clarkson says 'idiot' climate activist Greta Thunberg has killed the car show,0
867,New Zealand man challenges environment minister to a fist fight over water pollution policy,0
868,"Donald Trump too hard to satirise, say South Park creators Trey Parker and Matt Stone",0
869,Barnes & Noble’s Top 20 holiday gift ideas include only 1 book,0
870,Hamilton police ask public to ‘romaine calm’ after $45K lettuce heist,0
871,A British company will sell knives with square tips after a sharp rise in knife crime,0
872,China bans 'erotic' banana-eating live streams,0
873,Lawmaker pushing for less regulation has child die at his facility,0
874,"Saudi ad censors woman, replaces her with inflatable ball",0
875,Man In Drunk Lives Matter Shirt Charged With Drunken Driving,0
876,Dark web criminals 'offering Black Friday deals and discount codes',0
877,UAE's gender equality awards won entirely by men,0
878,Ottawa archbishop surprised by negative reaction to robotic spider on cathedral,0
879,Waldo man who threw party for pothole celebrates after it is fixed,0
880,Stephen Fry's blasphemy probe dropped after Irish police fail to find 'enough outraged people',0
881,Virginia used to have an official groundhog; it killed itself on Groundhog Day,0
882,Deputies ask man to quit calling about his stolen marijuana,0
883,"Why one Republican voted to kill privacy rules: ""Nobody has to use the Internet""",0
884,Suspect allegedly shot man with shotgun shell filled with cereal,0
885,Man cling-filmed car because he's sick of people parking outside his house and going on holiday,0
886,"Loud orgies of Mexican fish could deafen dolphins, say scientists",0
887,"Bishop says that given the abortion rate, it's hypocritical to mourn Cypriot serial killer's child victims",0
888,"Distracted Boyfriend meme is sexist, rules Swedish ad watchdog",0
889,"IRS awards Equifax no-bid, $7.25 million contract after hack",0
890,"Acting AG Matt Whitaker under fire for alleged Bigfoot, toilet, time travel scams",0
891,Wannabe Weatherman Arrested for Starting Wildfire to Get Facebook Views,0
892,Glasgow gym set to introduce fitness class consisting of nothing but SLEEPING for 45 minutes,0
893,John Oliver Bought Russell Crowe's Jockstrap for Alaska's Last Blockbuster Video,0
894,NBA will consider shortening games due to millennial attention spans,0
895,Sean Spicer’s tragic fall from grace as White House Easter Bunny,0
896,"Parents outraged after 5th graders pick cotton, sing songs on field trip",0
897,Steve Bannon registered to vote in two states despite Trump's cries of 'voter fraud',0
898,"Biden calls Iowa voter who pushed him on Ukraine 'a damn liar,' challenges him to pushup contest",0
899,"Ferry McFerryface unmasked: FOI reveals minister chose name, not the public",0
900,Death of the funeral? US state poised to legalise human composting amid demand for sustainable services,0
901,Nuclear submarine plans found in Welsh charity shop,0
902,‘Wolf of Wall Street’ Producer Riza Aziz Arrested on Money Laundering Charges,0
903,Boy gets six points on future driving licence for scooter speeding,0
904,Mexico politician mocked for campaign hashtag '#campaignhashtag',0
905,Wheelchair tennis event moved after court built on a slope,0
906,Man impersonating officer busted for attempting to pull over unmarked cruiser,0
907,"Utah lawmakers nix comprehensive sex ed, so porn site steps in",0
908,Ruth Bader Ginsburg ranks the best cities to buy scrunchies,0
909,"Pope to Catholics: For Lent, give up trolling",0
910,Blood of Poor Americans Now Comprises 2% of Total US Exports,0
911,Morgan Freeman Is Finally a GPS Navigation Voice,0
912,Restaurant to seat mannequins at empty tables to make social distancing less awkward,0
913,French PM Suggests Naked Breasts Represent France Better Than a Headscarf,0
914,"Wife crashes her own funeral, horrifying her husband, who had paid to have her killed",0
915,US government memo on the danger of leaking to media has been leaked,0
916,"Canadian woman writes own obituary, says she has ‘smoking hot body she always wanted’ after being cremated",0
917,Toddler signals ‘help’ in sign language during photo with Santa,0
918,Einstein note about happiness of a modest life sells for $1.5m,0
919,Uttarakhand court sets 5-decibel limit for loudspeakers; your breathing is louder,0
920,Smash-And-Grab Thieves Hit Pot Shop But Only Got Away With Oregano,0
921,Amazon pulls hair dryer after woman discovers it shoots fire,0
922,105-Year-Old Woman Requests Hunky Firefighters for Birthday Party,0
923,Man arrested after doing burnouts in front of news crews during hurricane,0
924,Those frozen NC alligators have thawed out and they are really grouchy now,0
925,Volunteers needed to smoke pot for science,0
926,Ashford postman Robert Lockyer sacked 'for being a minute late with delivery',0
927,"Citing grizzlies, education nominee says states should determine school gun policies",0
928,"After hours-long standoff at West Jordan home, police determine individual not home",0
929,Republican who claims Holocaust was orchestrated by Gay Nazis wins enough support for Massachusetts Governor primary.,0
930,Passenger causes plane to divert after he's charged $12 for a blanket,0
931,"He shot at five women on the road — because he thinks only men should drive, Texas cops say",0
932,Republican Wisconsin assembly speaker wears protective gear while telling voters they are 'incredibly safe to go out',0
933,Mother renames son after tattooist makes spelling error,0
934,"Texas Man Wanted After Allegedly Filing, Completing Divorce From Wife Without Her Knowing",0
935,"Dog accidentally runs US half-marathon, finishes in an impressive seventh place",0
936,Mayor offers reward to first couple to have a boy in village where only girls are born,0
937,Restaurant that killed customer with nut allergy sends apology email advertising new dessert range,0
938,Jail for man who kicked taxi driver out of car saying 'my turn to drive',0
939,Texas prisons ban books by Langston Hughes and Bob Dole - but 'Mein Kampf' is OK,0
940,Someone is using Gabe Newell’s face to sell underwear in China,0
941,"Woman wearing ""Stop Domestic Violence"" T-shirt arrested for domestic violence",0
942,All-you-can-eat restaurant closes after customers eat too much,0
943,"Lil Wayne refuses to go through security check, skips own concert",0
944,That fighter who died in the cage last weekend wants you to know he’s feeling much better,0
945,Trucker found love by texting number scrawled on toilet wall offering a 'good sh*g',0
946,"Facebook fires human editors, algorithm immediately posts fake news",0
947,"US citizens in Lebanon decline repatriation offer, saying it's 'safer' in Beirut",0
948,'Hi-tech robot' at Russia forum turns out to be man in suit,0
949,Sex offender serves as grand marshal of Mississippi town’s Christmas parade,0
950,Texas plans to designate official state gun along with other weapons,0
951,"‘Bi-sexual’ beetles don’t swing both ways...they’re just inept at mating, study shows",0
952,"For men, the importance of safe sex depends on how hot their partner is",0
953,"City of Denver doesn't know who's running ""city of Denver"" Instagram account",0
954,New 'indestructible' £1 coins are 'melting' and some centre pieces have dropped out,0
955,Avocado shortage fuels crime wave in New Zealand,0
956,"Marijuana burglars hit Florida dispensary at 4:20 a.m., police say",0
957,'Clown Lives Matter' peace walk canceled after multiple threats,0
958,Meeting on overcrowded schools sparsely attended,0
959,Increasingly paranoid ISIS leader reportedly refuses to sleep without suicide vest,0
960,Pet owner saved his drowning tortoise's life after giving it mouth-to-mouth for an hour,0
961,Former Springfield sprinkler company ruled total loss after fire,0
962,Dunkin’s latest release is quite simply a bag of bacon,0
963,Pittsburgh shooting suspect who wanted to ‘kill all Jews’ was treated by Jewish doctors,0
964,"This Saints fan was 'determined' not to watch the Super Bowl, his obit says. He died just hours before the game",0
965,Treating patients in supply closets final straw for ER doctors in Kentville,0
