,title,onion
News in Brief,â€™ Says Trump In Healing Address To Nation,1
News in Brief,,1
News in Brief,,1
Politics,,1
The Topical,,1
Politics,,1
News in Brief,,1
News in Brief,,1
News in Brief,,1
Sports,,1
News In Photos,,1
News In Photos,,1
Local,,1
The Topical,,1
News in Brief,,1
News in Brief,,1
News In Photos,,1
News in Brief,,1
News in Brief,,1
News in Brief,,1
The Topical,,1
News In Photos,,1
News in Brief,,1
Sports,,1
Local,,1
OGN,,1
The Topical,,1
Local,,1
News in Brief,,1
News in Brief,,1
News in Brief,,1
News in Brief,,1
Local,,1
The Topical,,1
News In Photos,,1
News in Brief,,1
OGN,,1
News in Brief,,1
News in Brief,,1
Local,,1
Local,,1
The Topical,,1
News in Brief,,1
Politics,,1
News in Brief,,1
News In Photos,,1
The Topical,,1
Local,,1
OGN,,1
The Topical,,1
Sports,,1
News in Brief,,1
News In Photos,,1
Local,,1
Onion Magazine,,1
OGN,,1
The Topical,,1
News in Brief,,1
News in Brief,,1
Sports,,1
News in Brief,,1
Sports,,1
News in Brief,,1
News in Brief,,1
News In Photos,,1
The Topical,,1
News in Brief,,1
Local,,1
News in Brief,,1
Politics,,1
News in Brief,,1
OGN,,1
Local,,1
Local,,1
News in Brief,,1
News In Photos,,1
The Topical,,1
News in Brief,,1
News in Brief,,1
Local,,1
News in Brief,,1
News in Brief,,1
The Topical,,1
News in Brief,,1
News In Photos,,1
Local,,1
News in Brief,,1
OGN,,1
Local,,1
News in Brief,,1
Local,,1
The Topical,,1
Local,,1
Local,,1
Sports,,1
News in Brief,,1
News in Brief,,1
Onion Magazine,,1
OGN,,1
The Topical,,1
Local,,1
News in Brief,,1
News in Brief,,1
News In Photos,,1
Sports,,1
News in Brief,,1
Local,,1
The Topical,,1
Politics,,1
Local,,1
News in Brief,,1
OGN,,1
News in Brief,,1
The Topical,,1
News in Brief,,1
News In Photos,,1
News in Brief,,1
News In Photos,,1
Local,,1
Local,,1
News in Brief,,1
Local,,1
News in Brief,,1
The Topical,,1
News in Brief,,1
Sports,,1
Local,,1
Local,,1
News In Photos,,1
News in Brief,,1
Local,,1
OGN,,1
The Topical,,1
News in Brief,,1
News In Photos,,1
Onion Magazine,,1
News in Brief,,1
OGN,,1
The Topical,,1
News In Photos,,1
Local,,1
News in Brief,,1
Local,,1
News in Brief,,1
Sports,,1
Sports,,1
News In Photos,,1
The Topical,,1
Local,,1
News in Brief,,1
News in Brief,,1
Politics,,1
News in Brief,,1
News in Brief,,1
OGN,,1
The Topical,,1
News in Brief,,1
Local,,1
News in Brief,,1
Local,,1
News in Brief,,1
The Topical,,1
News In Photos,,1
Sports,,1
Local,,1
News in Brief,,1
Local,,1
Local,,1
OGN,,1
News In Photos,,1
The Topical,,1
Sports,,1
Local,,1
News in Brief,,1
News In Photos,,1
OGN,,1
Local,,1
News in Brief,,1
The Topical,,1
Onion Magazine,,1
Local,,1
Local,,1
Local,,1
Sports,,1
Local,,1
News in Brief,,1
News in Brief,,1
OGN,,1
The Topical,,1
News In Photos,,1
News in Brief,,1
Local,,1
Local,,1
News in Brief,,1
The Topical,,1
OGN,,1
Local,,1
News in Brief,,1
Local,,1
News In Photos,,1
Sports,,1
The Topical,,1
News In Photos,,1
Local,,1
Local,,1
News In Photos,,1
News in Brief,,1
News In Photos,,1
News In Photos,,1
OGN,,1
News in Brief,,1
The Topical,,1
Local,,1
Sports,,1
News in Brief,,1
News in Brief,,1
Local,,1
News in Brief,,1
OGN,,1
Local,,1
The Topical,,1
Sports,,1
Sports,,1
News in Brief,,1
Local,,1
Local,,1
Local,,1
Sports,,1
News In Photos,,1
The Topical,,1
Sports,,1
Sports,,1
News In Photos,,1
Local,,1
News In Photos,,1
Politics,,1
OGN,,1
News in Brief,,1
The Topical,,1
News In Photos,,1
Local,,1
Local,,1
News In Photos,,1
Sports,,1
News In Photos,,1
News in Brief,,1
Local,,1
News In Photos,,1
The Topical,,1
News in Brief,,1
News in Brief,,1
The Topical,,1
News in Brief,,1
OGN,,1
Local,,1
Sports,,1
News In Photos,,1
Sports,,1
News in Brief,,1
Onion Magazine,,1
News in Brief,,1
Local,,1
Local,,1
Local,,1
OGN,,1
Sports,,1
The Topical,,1
Local,,1
News in Brief,,1
OGN,,1
The Topical,,1
Local,,1
News in Brief,,1
Local,,1
The Topical,,1
News in Brief,,1
Local,,1
Sports,,1
Politics,,1
News in Brief,,1
News in Brief,,1
News in Brief,,1
News in Brief,,1
The Topical,,1
News in Brief,,1
News in Brief,,1
News in Brief,,1
News in Brief,,1
News in Brief,,1
News in Brief,,1
The Topical,,1
News in Brief,,1
OGN,,1
Local,,1
News in Brief,,1
The Topical,,1
OGN,,1
News in Brief,,1
News In Photos,,1
Politics,,1
News in Brief,,1
News in Brief,,1
News in Brief,,1
News In Photos,,1
News in Brief,,1
News in Brief,,1
Politics,,1
The Topical,,1
News in Brief,,1
News in Brief,,1
Local,,1
Sports,,1
Local,,1
News In Photos,,1
News in Brief,,1
Politics,,1
Politics,,1
News in Brief,,1
OGN,,1
The Topical,,1
News In Photos,,1
Politics,,1
News in Brief,,1
Politics,,1
News in Brief,,1
News In Photos,,1
News in Brief,,1
The Topical,,1
Politics,,1
Politics,,1
Onion Magazine,,1
OGN,,1
News In Photos,,1
Sports,,1
News In Photos,,1
The Topical,,1
Local,,1
Local,,1
News in Brief,,1
Sports,,1
News in Brief,,1
News in Brief,,1
The Topical,,1
News in Brief,,1
News in Brief,,1
Local,,1
OGN,,1
Sports,,1
News in Brief,,1
Local,,1
The Topical,,1
Local,,1
Politics,,1
News in Brief,,1
OGN,,1
Local,,1
Local,,1
The Topical,,1
News In Photos,,1
News in Brief,,1
Politics,,1
News in Brief,,1
News in Brief,,1
News in Brief,,1
Politics,,1
The Topical,,1
Sports,,1
Politics,,1
Local,,1
News in Brief,,1
OGN,,1
The Topical,,1
Local,,1
Local,,1
Politics,,1
Local,,1
Local,,1
Sports,,1
The Topical,,1
OGN,,1
News,,1
Local,,1
News in Brief,,1
Local,,1
OGN,,1
OGN,,1
Politics,,1
The Topical,,1
Politics,,1
Sports,,1
Politics,,1
The Topical,,1
News in Brief,,1
Local,,1
Local,,1
Local,,1
News in Brief,,1
Local,,1
OGN,,1
News in Brief,,1
The Topical,,1
News in Brief,,1
OGN,,1
News in Brief,,1
News in Brief,,1
Politics,,1
OGN,,1
Politics,,1
The Topical,,1
Politics,,1
Local,,1
Local,,1
Politics,,1
OGN,,1
The Topical,,1
Local,,1
OGN,,1
Politics,,1
News in Brief,,1
Sports,,1
Local,,1
Politics,,1
News in Brief,,1
Sports,,1
The Topical,,1
News in Brief,,1
News In Photos,,1
Sports,,1
OGN,,1
Politics,,1
Politics,,1
Local,,1
The Topical,,1
Commentary,,1
News in Brief,,1
News in Brief,,1
Local,,1
News In Photos,,1
Local,,1
The Topical,,1
News in Brief,,1
Politics,,1
Politics,,1
Politics,,1
Politics,,1
News in Brief,,1
OGN,,1
Local,,1
Sports,,1
News In Photos,,1
Politics,,1
News In Photos,,1
Sports,,1
The Topical,,1
News in Brief,,1
News in Brief,,1
News In Photos,,1
Local,,1
Local,,1
News in Brief,,1
The Topical,,1
Local,,1
Politics,,1
Politics,,1
Local,,1
News In Photos,,1
The Topical,,1
News in Brief,,1
Local,,1
Local,,1
Local,,1
Politics,,1
News in Brief,,1
News in Brief,,1
News in Brief,,1
The Topical,,1
Local,,1
Local,,1
Politics,,1
The Topical,,1
News in Brief,,1
Local,,1
Politics,,1
Local,,1
Politics,,1
The Topical,,1
Politics,,1
News in Brief,,1
Local,,1
News in Brief,,1
Politics,,1
Politics,,1
OGN,,1
The Topical,,1
Local,,1
Local,,1
Politics,,1
Politics,,1
Politics,,1
Local,,1
Local,,1
Local,,1
OGN,,1
The Topical,,1
News in Brief,,1
News in Brief,,1
News in Brief,,1
Politics,,1
News in Brief,,1
Politics,,1
Local,,1
News in Brief,,1
News in Brief,,1
The Topical,,1
Local,,1
Local,,1
Local,,1
Politics,,1
News in Brief,,1
Local,,1
Politics,,1
News in Brief,,1
Local,,1
Politics,,1
Sports,,1
The Topical,,1
Local,,1
Sports,,1
Politics,,1
Politics,,1
News In Photos,,1
Local,,1
Politics,,1
Sports,,1
The Topical,,1
Politics,,1
News In Photos,,1
Sports,,1
Local,,1
Local,,1
Politics,,1
News in Brief,,1
OGN,,1
The Topical,,1
Local,,1
News in Brief,,1
Politics,,1
Politics,,1
Local,,1
Local,,1
Local,,1
Local,,1
Politics,,1
Politics,,1
Politics,,1
The Topical,,1
Local,,1
Local,,1
Local,,1
News in Brief,,1
News In Photos,,1
News in Brief,,1
News In Photos,,1
Politics,,1
The Topical,,1
Politics,,1
News In Photos,,1
News in Brief,,1
News in Brief,,1
News In Photos,,1
News in Brief,,1
OGN,,1
Local,,1
Politics,,1
Sports,,1
The Topical,,1
Politics,,1
News In Photos,,1
OGN,,1
News in Brief,,1
The Topical,,1
News in Brief,,1
Politics,,1
Politics,,1
Politics,,1
Politics,,1
Politics,,1
Politics,,1
Politics,,1
The Topical,,1
News In Photos,,1
Politics,,1
Politics,,1
News in Brief,,1
The Topical,,1
News in Brief,,1
News in Brief,,1
OGN,,1
Local,,1
News in Brief,,1
The Topical,,1
Local,,1
News in Brief,,1
Local,,1
News in Brief,,1
News in Brief,,1
The Topical,,1
Politics,,1
Politics,,1
Politics,,1
News In Photos,,1
News in Brief,,1
News in Brief,,1
Local,,1
Local,,1
OGN,,1
The Topical,,1
Politics,,1
Local,,1
Local,,1
OGN,,1
Local,,1
Politics,,1
News in Brief,,1
The Topical,,1
Politics,,1
News in Brief,,1
Politics,,1
News In Photos,,1
OGN,,1
Local,,1
Local,,1
Local,,1
The Topical,,1
Sports,,1
Politics,,1
Politics,,1
Local,,1
News In Photos,,1
Local,,1
Politics,,1
The Topical,,1
News in Brief,,1
Local,,1
Politics,,1
News in Brief,,1
Local,,1
Local,,1
News in Brief,,1
Politics,,1
Local,,1
The Topical,,1
Politics,,1
OGN,,1
Politics,,1
Politics,,1
The Topical,,1
News in Brief,,1
Politics,,1
Politics,,1
OGN,,1
Politics,,1
News In Photos,,1
Politics,,1
Politics,,1
Sports,,1
Sports,,1
Local,,1
News in Brief,,1
Local,,1
Politics,,1
Politics,,1
Politics,,1
News in Brief,,1
Politics,,1
Local,,1
Politics,,1
OGN,,1
Local,,1
Local,,1
Sports,,1
Local,,1
Local,,1
Sports,,1
Sports,,1
Sports,,1
Sports,,1
Sports,,1
Sports,,1
Sports,,1
Sports,,1
Sports,,1
Sports,,1
Sports,,1
The Topical,,1
Politics,,1
News in Brief,,1
The Topical,,1
Politics,,1
News in Brief,,1
OGN,,1
The Topical,,1
News in Brief,,1
Politics,,1
Politics,,1
News in Brief,,1
Local,,1
Politics,,1
OGN,,1
Sports,,1
Local,,1
Politics,,1
Politics,,1
Politics,,1
News in Brief,,1
Politics,,1
Local,,1
Sports,,1
News In Photos,,1
Local,,1
News in Brief,,1
Politics,,1
Local,,1
Politics,,1
OGN,,1
Politics,,1
News in Brief,,1
Politics,,1
Local,,1
Politics,,1
Politics,,1
Sports,,1
News in Brief,,1
OGN,,1
News in Brief,,1
Sports,,1
Politics,,1
News in Brief,,1
News in Brief,,1
News in Brief,,1
Politics,,1
Local,,1
Local,,1
Politics,,1
Local,,1
News in Brief,,1
Politics,,1
Local,,1
News in Brief,,1
Local,,1
Local,,1
OGN,,1
Politics,,1
OGN,,1
Local,,1
Sports,,1
Local,,1
Politics,,1
OGN,,1
Sports,,1
News in Brief,,1
Politics,,1
Politics,,1
Politics,,1
News in Brief,,1
Local,,1
Local,,1
Politics,,1
News in Brief,,1
Politics,,1
Politics,,1
Local,,1
Local,,1
Politics,,1
Politics,,1
Politics,,1
Politics,,1
Politics,,1
Politics,,1
News in Brief,,1
Politics,,1
Local,,1
News in Brief,,1
Local,,1
News in Brief,,1
News in Brief,,1
News In Photos,,1
Local,,1
Local,,1
Local,,1
News in Brief,,1
News In Photos,,1
Local,,1
News in Brief,,1
Local,,1
News in Brief,,1
OGN,,1
Local,,1
Politics,,1
Local,,1
Local,,1
OGN,,1
Politics,,1
Politics,,1
News in Brief,,1
Politics,,1
Local,,1
Local,,1
Politics,,1
Politics,,1
Politics,,1
News In Photos,,1
News in Brief,,1
Local,,1
News in Brief,,1
Local,,1
Politics,,1
Local,,1
Local,,1
Local,,1
News in Brief,,1
OGN,,1
News in Brief,,1
Politics,,1
News in Brief,,1
News in Brief,,1
OGN,,1
Sports,,1
Local,,1
Local,,1
Sports,,1
News in Brief,,1
Local,,1
Sports,,1
Local,,1
Politics,,1
Sports,,1
News in Brief,,1
Politics,,1
News in Brief,,1
Local,,1
News In Photos,,1
OGN,,1
News in Brief,,1
Local,,1
Politics,,1
News in Brief,,1
Local,,1
OGN,,1
Sports,,1
Politics,,1
OGN,,1
Local,,1
Local,,1
Politics,,1
News in Brief,,1
Local,,1
Local,,1
Politics,,1
Local,,1
Politics,,1
Politics,,1
Sports,,1
Local,,1
Local,,1
Local,,1
Politics,,1
Sports,,1
News in Brief,,1
Politics,,1
Politics,,1
Politics,,1
News in Brief,,1
Politics,,1
Sports,,1
Local,,1
Local,,1
OGN,,1
Local,,1
News in Brief,,1
News In Photos,,1
News in Brief,,1
Politics,,1
OGN,,1
Local,,1
Local,,1
Local,,1
Local,,1
Sports,,1
Local,,1
Local,,1
Local,,1
Local,,1
News in Brief,,1
Local,,1
News in Brief,,1
Local,,1
Local,,1
News in Brief,,1
News in Brief,,1
News in Brief,,1
OGN,,1
News in Brief,,1
Local,,1
Local,,1
Sports,,1
Local,,1
OGN,,1
Local,,1
Local,,1
News,,1
News in Brief,,1
OGN,,1
Local,,1
Sports,,1
Politics,,1
OGN,,1
Politics,,1
Local,,1
Sports,,1
News in Brief,,1
Politics,,1
News in Brief,,1
News in Brief,,1
News in Brief,,1
News in Brief,,1
News In Photos,,1
Politics,,1
News in Brief,,1
Local,,1
News in Brief,,1
Local,,1
Sports,,1
Sports,,1
News in Brief,,1
Sports,,1
Politics,,1
Sports,,1
Politics,,1
Politics,,1
OGN,,1
Local,,1
News in Brief,,1
OGN,,1
News in Brief,,1
Sports,,1
Local,,1
Politics,,1
Politics,,1
Local,,1
Local,,1
OGN,,1
Sports,,1
Local,,1
News in Brief,,1
Local,,1
Local,,1
News in Brief,,1
Local,,1
Sports,,1
Politics,,1
Local,,1
Local,,1
News in Brief,,1
News in Brief,,1
Local,,1
News in Brief,,1
News in Brief,,1
OGN,,1
Local,,1
Local,,1
Sports,,1
Sports,,1
Sports,,1
Commentary,,1
News in Brief,,1
News in Brief,,1
Politics,,1
Politics,,1
News in Brief,,1
News in Brief,,1
Local,,1
OGN,,1
News in Brief,,1
Local,,1
Local,,1
Local,,1
Commentary,,1
News in Brief,,1
News in Brief,,1
Local,,1
Politics,,1
Local,,1
Politics,,1
Local,,1
News in Brief,,1
OGN,,1
Local,,1
Local,,1
OGN,,1
News in Brief,,1
News in Brief,,1
News in Brief,,1
Local,,1
Local,,1
Local,,1
Local,,1
Sports,,1
News in Brief,,1
OGN,,1
News in Brief,,1
Politics,,1
Local,,1
Local,,1
Politics,,1
Local,,1
Politics,,1
Commentary,,1
OGN,,1
Sports,,1
Politics,,1
Politics,,1
Local,,1
Local,,1
News in Brief,,1
Local,,1
Politics,,1
Politics,,1
Local,,1
News in Brief,,1
Politics,,1
Politics,,1
OGN,,1
Local,,1
News in Brief,,1
Sports,,1
Sports,,1
Politics,,1
Politics,,1
Lifestyle,,1
News in Brief,,1
Local,,1
Local,,1
OGN,,1
News in Brief,,1
Sports,,1
Politics,,1
Sports,,1
